complaint,category
"My product arrived damaged","Damaged Product"
"The product is broken","Damaged Product"
"I received a cracked item","Damaged Product"
"My item has damage","Damaged Product"
"The package contained a broken product","Damaged Product"
"My product is cracked","Damaged Product"
"The product was damaged during delivery","Damaged Product"
"I received a damaged phone","Damaged Product"
"My order has not arrived","Late Delivery"
"My order is late","Late Delivery"
"My package has been delayed","Late Delivery"
"I have not received my order","Late Delivery"
"My delivery has not come yet","Late Delivery"
"The expected delivery date has passed","Late Delivery"
"My package is delayed","Late Delivery"
"I am still waiting for my order","Late Delivery"
"I received the wrong product","Wrong Item"
"I received the wrong item","Wrong Item"
"The item I received is incorrect","Wrong Item"
"You sent me a different product","Wrong Item"
"My order contains the wrong product","Wrong Item"
"I ordered a phone but received headphones","Wrong Item"
"I got the wrong order","Wrong Item"
"The product delivered is not what I ordered","Wrong Item"
"I want a refund","Refund"
"Please refund my money","Refund"
"I need my money back","Refund"
"I want to get my payment refunded","Refund"
"How can I get a refund","Refund"
"I want to return the product and get a refund","Refund"
"Please process my refund","Refund"
"When will I receive my refund","Refund"
"My payment failed","Payment Issue"
"I have a problem with my payment","Payment Issue"
"My payment was not successful","Payment Issue"
"I was charged but my order failed","Payment Issue"
"My transaction failed","Payment Issue"
"Money was deducted but the order was not placed","Payment Issue"
"I was charged twice","Payment Issue"
"There is an issue with my payment","Payment Issue"
"The payment did not go through","Payment Issue"
"My card was charged but no order was placed","Payment Issue"
"The box was crushed and the TV inside is cracked","Damaged Product"
"My laptop screen is broken after delivery","Damaged Product"
"The parcel arrived with the product in pieces","Damaged Product"
"The mixer grinder I ordered is not working at all","Damaged Product"
"The shoe sole came off after two days of use","Damaged Product"
"Phone has a shattered screen right out of the box","Damaged Product"
"Item was completely damaged in transit","Damaged Product"
"The package was thrown at my door and the contents broke","Damaged Product"
"My camera lens arrived cracked","Damaged Product"
"Fridge is not cooling it seems dead on arrival","Damaged Product"
"The product is faulty and makes weird noises","Damaged Product"
"I received a dented water bottle","Damaged Product"
"The glass lid of the cookware is broken","Damaged Product"
"Watch glass is scratched and the hands are not moving","Damaged Product"
"Bluetooth earbuds are dead and they will not turn on","Damaged Product"
"The chair leg arrived broken and unusable","Damaged Product"
"My order came in a torn package with damaged goods","Damaged Product"
"The blender jar is cracked and leaking","Damaged Product"
"Power bank is swollen and dangerous","Damaged Product"
"Screen broke within a week of normal use","Damaged Product"
"The shirt has a big tear and loose stitching","Damaged Product"
"Product quality is terrible it fell apart","Damaged Product"
"Microwave stopped working after one use","Damaged Product"
"The printer prints blank pages it seems faulty","Damaged Product"
"My headphones left side is not working","Damaged Product"
"The delivery person dropped the box and the item broke","Damaged Product"
"The saree has a large tear in the fabric","Damaged Product"
"Air conditioner is leaking water and not cooling","Damaged Product"
"The keyboard has dead keys and is not working","Damaged Product"
"I received a damaged and unusable product","Damaged Product"
"The book arrived with pages ripped and bent","Damaged Product"
"The cycle tyre arrived punctured","Damaged Product"
"The guitar has a crack on the body","Damaged Product"
"The toy broke on the first day poor quality","Damaged Product"
"The laptop hinge is broken and wobbling","Damaged Product"
"My order was badly damaged the box was crushed","Damaged Product"
"The item is defective it does not switch on","Damaged Product"
"The washing machine drum is dented","Damaged Product"
"Coffee maker leaks and fails to brew","Damaged Product"
"The sofa fabric is torn and the stitching is open","Damaged Product"
"Helmet has a deep scratch and a crack","Damaged Product"
"My phone is overheating and the battery drains fast","Damaged Product"
"The parcel contents were crushed and unusable","Damaged Product"
"Earbuds case does not charge at all","Damaged Product"
"I received broken glassware in pieces","Damaged Product"
"The product stopped working within the warranty period","Damaged Product"
"The box was crushed so badly the item inside is unusable","Damaged Product"
"My tablet screen cracked out of the box","Damaged Product"
"The blender motor burned out on day one","Damaged Product"
"My order is 5 days late and still not delivered","Late Delivery"
"Parcel is stuck at the hub for four days","Late Delivery"
"Tracking is not updating since the order shipped","Late Delivery"
"Where is my order the expected date has passed","Late Delivery"
"I am still waiting for my package","Late Delivery"
"The courier attempted delivery but never came","Late Delivery"
"Order shows out for delivery but nothing arrived","Late Delivery"
"My parcel is missing and there are no updates","Late Delivery"
"It has been two weeks and my order is not here","Late Delivery"
"The delivery is overdue by ten days","Late Delivery"
"The shipment is taking too long to arrive","Late Delivery"
"My package is delayed indefinitely","Late Delivery"
"Order not delivered and no one is answering","Late Delivery"
"The expected delivery date passed three days ago","Late Delivery"
"My parcel has been in transit for a week","Late Delivery"
"The delivery boy did not show up","Late Delivery"
"When will my order arrive it is very late","Late Delivery"
"My order has not come yet","Late Delivery"
"Still waiting for my parcel and there is no response","Late Delivery"
"The courier lost my package","Late Delivery"
"Order status shows pending delivery for days","Late Delivery"
"My item is stuck in another city","Late Delivery"
"The delivery is way past the promised date","Late Delivery"
"I have not received my order yet","Late Delivery"
"The parcel shows a fake delivery attempt","Late Delivery"
"My package shows no movement since Monday","Late Delivery"
"The order was supposed to arrive yesterday but did not","Late Delivery"
"It has been 10 days and the parcel is not delivered","Late Delivery"
"My shipment is delayed for no reason","Late Delivery"
"The rider never attempted the delivery properly","Late Delivery"
"My order is still not delivered and I need it urgently","Late Delivery"
"Tracking shows it is stuck at the sorting facility","Late Delivery"
"Nobody has delivered my parcel even after repeated calls","Late Delivery"
"My order is overdue and customer care is not responding","Late Delivery"
"The package is late by more than a week","Late Delivery"
"The delivery date has passed and there is no update","Late Delivery"
"My parcel is not moving from the warehouse","Late Delivery"
"Still waiting for the order I placed last month","Late Delivery"
"My delivery is extremely late and I want it now","Late Delivery"
"The courier keeps rescheduling my delivery","Late Delivery"
"My package has been delayed for no reason","Late Delivery"
"I have been waiting for my parcel for 15 days","Late Delivery"
"My order is not arriving please help","Late Delivery"
"The parcel is stuck in transit and running late","Late Delivery"
"My order delivery is pending since long","Late Delivery"
"Where is my parcel it is missing","Late Delivery"
"The shipment has not reached me yet","Late Delivery"
"My order is late and nobody is tracking it","Late Delivery"
"Delivery was promised on Monday but nothing came","Late Delivery"
"Two weeks since I ordered and still nothing has arrived","Late Delivery"
"I received a blue shirt instead of the black one","Wrong Item"
"You sent the wrong product to my address","Wrong Item"
"I ordered headphones but got a charger","Wrong Item"
"The item I received is not what I ordered","Wrong Item"
"I got someone else order","Wrong Item"
"The wrong size was delivered I ordered medium","Wrong Item"
"The colour is completely different from the website","Wrong Item"
"You shipped the wrong item by mistake","Wrong Item"
"I ordered a phone but received a watch","Wrong Item"
"The product delivered is incorrect","Wrong Item"
"I received an item I never ordered","Wrong Item"
"Instead of the laptop I got a mouse","Wrong Item"
"The package had a different product than ordered","Wrong Item"
"I got the wrong order parcel","Wrong Item"
"There is a size mismatch I ordered large and got small","Wrong Item"
"You people sent me some other product","Wrong Item"
"The wrong item was delivered to my address","Wrong Item"
"The model I received is not the one I ordered","Wrong Item"
"I ordered white sneakers but got grey ones","Wrong Item"
"There is a mismatch in what I ordered and received","Wrong Item"
"I did not order this it is the wrong item","Wrong Item"
"They sent the wrong variant of the product","Wrong Item"
"My order was picked wrongly at the warehouse","Wrong Item"
"The product delivered is not what I expected","Wrong Item"
"I ordered an L size but got XL","Wrong Item"
"The wrong product was shipped with my name","Wrong Item"
"You delivered something else entirely","Wrong Item"
"I ordered the blue one but received the red one","Wrong Item"
"The item is completely different from what I bought","Wrong Item"
"I got the wrong product please correct it","Wrong Item"
"I was sent the wrong item instead of my order","Wrong Item"
"The product received is not matching my order","Wrong Item"
"The parcel has someone else product in it","Wrong Item"
"I ordered a set of two but received a different item","Wrong Item"
"The wrong item was delivered I need a replacement","Wrong Item"
"I received size 40 instead of size 42","Wrong Item"
"You mixed up my order with another customer","Wrong Item"
"The product I got is not the one I paid for","Wrong Item"
"The delivered item is wrong I ordered a different brand","Wrong Item"
"I received a completely different model","Wrong Item"
"My order was swapped with something else","Wrong Item"
"I got the wrong colour product I ordered black","Wrong Item"
"The item shipped is incorrect and needs correction","Wrong Item"
"You sent me a duplicate of a different product","Wrong Item"
"I want a refund for my order","Refund"
"Please refund my money immediately","Refund"
"My refund has not been credited yet","Refund"
"The return was picked up but no refund received","Refund"
"I need my money back cancel the order","Refund"
"When will I receive my refund","Refund"
"Refund status shows pending for 10 days","Refund"
"Please process my refund at the earliest","Refund"
"I returned the item please credit my money back","Refund"
"How can I get a refund for this","Refund"
"Cancel my order and refund the full amount","Refund"
"No refund has come to my account yet","Refund"
"I am not satisfied I want my money back","Refund"
"Refund not received even after the return","Refund"
"Please reverse the payment and refund me","Refund"
"I want to return this and get a refund","Refund"
"I am still waiting for my refund","Refund"
"The refund was promised but never arrived","Refund"
"Money was not refunded after cancellation","Refund"
"I want the amount reversed to my account","Refund"
"The return is done when will the refund come","Refund"
"Please give me a full refund","Refund"
"I want to send the product back for a refund","Refund"
"My refund is stuck and I need the money back","Refund"
"Cancel the order I want my money","Refund"
"Please refund my amount","Refund"
"I have returned the product please credit the refund","Refund"
"Nobody has refunded my money yet","Refund"
"I want to cancel and get a refund","Refund"
"Please initiate my refund today","Refund"
"My refund is pending since two weeks","Refund"
"I need the money back the item is not usable","Refund"
"Get my refund processed fast","Refund"
"I returned the item and expect a refund","Refund"
"Refund the full amount to my card","Refund"
"Kindly revert the payment and refund me","Refund"
"I want my refund status updated","Refund"
"The return is delivered but the refund has not started","Refund"
"Please refund me for the defective item","Refund"
"I want to give back the item and take a refund","Refund"
"The refund amount is not reflecting in my bank","Refund"
"Kindly refund my payment","Refund"
"I want a complete refund of the order","Refund"
"Please send my money back soon","Refund"
"My refund is overdue and I want it now","Refund"
"My payment failed but money was deducted","Payment Issue"
"The amount was debited but the order was not placed","Payment Issue"
"I was charged twice for one order","Payment Issue"
"The money was taken but the payment shows failed","Payment Issue"
"UPI payment failed but the amount was debited","Payment Issue"
"The transaction failed but the money is gone","Payment Issue"
"My card was charged but I got no order confirmation","Payment Issue"
"The payment is pending and the money was deducted","Payment Issue"
"I paid but the order did not go through","Payment Issue"
"I was double charged for the same item","Payment Issue"
"Money was deducted from my account but the payment failed","Payment Issue"
"I was charged thrice for a single order","Payment Issue"
"The payment shows failed but the amount was debited","Payment Issue"
"My amount was debited twice","Payment Issue"
"I paid by card and the money was deducted but the order is missing","Payment Issue"
"The payment did not go through but the money was taken","Payment Issue"
"An extra amount was charged during payment","Payment Issue"
"I have been overcharged for the order","Payment Issue"
"The money is gone but I did not order anything","Payment Issue"
"The payment failed after OTP but the amount was debited","Payment Issue"
"The transaction is pending and the amount was deducted","Payment Issue"
"My money was deducted without placing the order","Payment Issue"
"The failed transaction still debited my account","Payment Issue"
"I paid the amount but the order is still not confirmed","Payment Issue"
"UPI debited the money but the merchant says payment failed","Payment Issue"
"The payment gateway failed and money was deducted","Payment Issue"
"I was charged twice please return one amount","Payment Issue"
"Money was deducted twice from my bank","Payment Issue"
"The amount was debited but the payment status is failed","Payment Issue"
"I was debited for a payment that failed","Payment Issue"
"The online payment failed but my bank shows a debit","Payment Issue"
"The amount was debited but the website says payment failed","Payment Issue"
"The payment was debited twice by mistake","Payment Issue"
"There is a payment issue and extra money was charged","Payment Issue"
"The payment is stuck and the money was deducted","Payment Issue"
"The amount was debited but the transaction failed","Payment Issue"
"I paid but the money was debited and there is no order","Payment Issue"
"There is a double debit for a single payment","Payment Issue"
"The payment failed please return my money","Payment Issue"
"Money was debited from my account but I ordered nothing","Payment Issue"
"There is a payment issue the amount was deducted but not reflected","Payment Issue"
"I am charged extra on my order","Payment Issue"
"The payment failed but the amount is still debited","Payment Issue"
"I paid through netbanking but it failed","Payment Issue"
"An autodebit happened twice","Payment Issue"
"The money was debited but the payment shows timeout","Payment Issue"
"The payment was declined but the money was taken","Payment Issue"
"I paid and the money is debited but there is no order","Payment Issue"
"The wrong amount was debited during checkout","Payment Issue"
"My money was deducted and payment shows timeout","Payment Issue"
